RF_MAE,RF_SMAPE,Naive_MAE,Naive_SMAPE,Improvement_MAE_%,Improvement_SMAPE_%
3.452450000000001,67.20545423754297,16.144103092783507,119.55615554021621,78.61479216183113,43.78754156666032
