event,resid_mean,resid_std,n,global_mean,shrink_mean
Club Event,-0.2294620967741902,4.462403257816315,31,1.1162793032787244,0.43237793603871855
Exam,1.1602050000000523,6.862076501967362,40,1.1162793032787244,1.1413797014051974
Fest,-1.2285727272727314,3.487263472708916,22,1.1162793032787244,0.12422652112233912
Holiday,4.273096551724215,14.762873786676026,29,1.1162793032787244,2.6679352389553217
