lambda,avg_waste,avg_shortage,efficiency_%
0.0,1.607809072164944,1.844640927835057,89.1985433522993
0.2,2.5978562268041174,1.251615082474231,82.5472863062031
0.4,3.8031091381443227,0.8737949938144361,74.45025084550214
0.6000000000000001,5.132584534020612,0.6201973896907245,65.51867364435716
0.8,6.560321389690715,0.4648612453608276,55.92696402047774
1.0,8.042737680412362,0.3642045360824765,45.967911309999906
